component,WAIS_to_GIS,WAIS_to_GIS,AMOC_to_GIS,AMOC_to_GIS,GIS_to_AMOC,GIS_to_AMOC,NINO_to_AMOC,NINO_to_AMOC,WAIS_to_AMOC,WAIS_to_AMOC,NINO_to_WAIS,NINO_to_WAIS,AMOC_to_WAIS,AMOC_to_WAIS,GIS_to_WAIS,GIS_to_WAIS,NINO_to_Amazonas,NINO_to_Amazonas,AMOC_to_Amazonas,AMOC_to_Amazonas,AMOC_to_NINO,AMOC_to_NINO,AWSI_to_AMOC,AWSI_to_AMOC,AWSI_to_GIS,AWSI_to_GIS,AWSI_to_PERM,AWSI_to_PERM,AMOC_to_AWSI,AMOC_to_AWSI,AMOC_to_WAM,AMOC_to_WAM,NINO_to_REEF,NINO_to_REEF,PERM_to_AMOC,PERM_to_AMOC
axis,pf,interaction_fac,pf,interaction_fac,pf,interaction_fac,pf,interaction_fac,pf,interaction_fac,pf,interaction_fac,pf,interaction_fac,pf,interaction_fac,pf,interaction_fac,pf,interaction_fac,pf,interaction_fac,pf,interaction_fac,pf,interaction_fac,pf,interaction_fac,pf,interaction_fac,pf,interaction_fac,pf,interaction_fac,pf,interaction_fac
0,1.0,0.0,0.0,-1.0,1.0,0.0,0.0,-1.0,0.1247086247086247,-1.0,1.0,0.0,1.0,0.0,1.0,0.0,1.0,0.0,0.0,-1.0,0.0,-1.0,1.0,0.0,1.0,0.0,1.0,0.0,0.0,-1.0,1.0,0.0,1.0,0.0,1.0,0.0
1,1.141025641025641,0.010101010101010102,0.0064516129032258064,-0.2222222222222222,1.0243619489559164,0.010101010101010102,0.0011312217194570137,-0.507537688442211,0.12703962703962704,-0.98989898989899,1.2597402597402598,0.010101010101010102,1.2251655629139073,0.010101010101010102,1.2483660130718954,0.010101010101010102,1.150887573964497,0.010101010101010102,0.0009532888465204957,-0.31313131313131304,0.0026109660574412533,-0.7474747474747474,1.087599544937429,0.010101010101010102,1.1265822784810127,0.010101010101010102,1.0526315789473684,0.010101010101010102,0.021739130434782608,-0.2222222222222222,1.1056966369251888,0.010101010101010102,,,1.1145475372279496,0.010101010101010102
2,1.3076923076923077,0.020202020202020204,0.012903225806451613,-0.202020202020202,1.04292343387471,0.020202020202020204,0.0022624434389140274,-0.4773869346733668,0.13053613053613053,-0.9797979797979798,1.5324675324675325,0.020202020202020204,1.4834437086092715,0.020202020202020204,1.5294117647058822,0.020202020202020204,1.3254437869822486,0.020202020202020204,0.004766444232602479,-0.2929292929292928,0.005221932114882507,-0.6666666666666666,1.1956769055745164,0.020202020202020204,1.2784810126582278,0.020202020202020204,1.111842105263158,0.020202020202020204,0.03260869565217391,-0.21212121212121204,1.2319835277968427,0.020202020202020204,,,1.2405498281786942,0.020202020202020204
3,1.5256410256410255,0.030303030303030304,0.025806451612903226,-0.1717171717171716,1.0649651972157772,0.030303030303030304,0.004524886877828055,-0.4371859296482412,0.13403263403263405,-0.9696969696969697,1.8571428571428572,0.030303030303030304,1.8344370860927153,0.030303030303030304,1.8366013071895424,0.030303030303030304,1.5167652859960552,0.030303030303030304,0.005719733079122974,-0.28282828282828276,0.007832898172323759,-0.6565656565656566,1.3333333333333333,0.030303030303030304,1.4936708860759493,0.030303030303030304,1.1907894736842106,0.030303030303030304,0.043478260869565216,-0.19191919191919182,1.3809196980096088,0.030303030303030304,,,1.3825887743413516,0.030303030303030304
4,1.7564102564102564,0.04040404040404041,0.04516129032258064,-0.16161616161616155,1.1020881670533642,0.04040404040404041,0.006787330316742082,-0.42713567839195976,0.1386946386946387,-0.9595959595959596,2.1818181818181817,0.04040404040404041,,,2.235294117647059,0.04040404040404041,1.7110453648915187,0.04040404040404041,0.0076263107721639654,-0.2727272727272727,0.010443864229765013,-0.6161616161616161,1.4675767918088738,0.04040404040404041,1.759493670886076,0.04040404040404041,1.25,0.04040404040404041,0.05434782608695652,-0.18181818181818177,1.5085792724776939,0.04040404040404041,,,1.5337915234822452,0.04040404040404041
5,2.08974358974359,0.05050505050505051,0.05161290322580645,-0.1515151515151515,1.1322505800464038,0.05050505050505051,0.007918552036199095,-0.4170854271356784,0.14102564102564102,-0.9494949494949495,2.603896103896104,0.05050505050505051,,,2.6209150326797386,0.05050505050505051,1.960552268244576,0.05050505050505051,0.016205910390848427,-0.26262626262626254,0.013054830287206266,-0.606060606060606,1.664391353811149,0.05050505050505051,2.0759493670886076,0.05050505050505051,1.2894736842105263,0.05050505050505051,0.06521739130434782,-0.1717171717171716,,,,,,
6,,,0.06451612903225806,-0.14141414141414133,1.1647331786542923,0.06060606060606061,0.010180995475113122,-0.40703517587939697,0.14219114219114218,-0.9393939393939394,3.0454545454545454,0.06060606060606061,,,3.0980392156862746,0.06060606060606061,2.219921104536489,0.06060606060606061,0.022878932316491896,-0.2525252525252525,0.015665796344647518,-0.5757575757575757,1.8600682593856654,0.06060606060606061,,,1.3289473684210527,0.06060606060606061,0.08695652173913043,-0.16161616161616155,,,,,,
7,,,0.08387096774193549,-0.13131313131313127,1.1983758700696057,0.07070707070707072,0.011312217194570135,-0.3869346733668342,0.1456876456876457,-0.9292929292929293,3.5844155844155843,0.07070707070707072,,,3.718954248366013,0.07070707070707072,2.4871794871794872,0.07070707070707072,0.029551954242135366,-0.24242424242424232,0.02349869451697128,-0.5555555555555556,2.1023890784982937,0.07070707070707072,,,1.3717105263157894,0.07070707070707072,0.09782608695652174,-0.1515151515151515,,,,,,
8,,,0.12258064516129032,-0.1212121212121211,1.2331786542923433,0.08080808080808081,0.014705882352941176,-0.37688442211055273,0.14685314685314685,-0.9191919191919192,4.279220779220779,0.08080808080808081,,,4.333333333333333,0.08080808080808081,2.7514792899408285,0.08080808080808081,0.04003813155386082,-0.23232323232323226,0.02610966057441253,-0.5454545454545454,2.3629124004550626,0.08080808080808081,,,1.444078947368421,0.08080808080808081,0.10869565217391304,-0.14141414141414133,,,,,,
9,,,0.14838709677419354,-0.11111111111111105,1.2761020881670533,0.09090909090909091,0.01583710407239819,-0.3668341708542714,0.15034965034965034,-0.9090909090909091,5.064935064935065,0.09090909090909091,,,5.098039215686274,0.09090909090909091,2.980276134122288,0.09090909090909091,0.05052430886558627,-0.2222222222222222,0.028720626631853787,-0.5353535353535352,2.633674630261661,0.09090909090909091,,,1.506578947368421,0.09090909090909091,0.15217391304347827,-0.13131313131313127,,,,,,
10,,,0.16774193548387098,-0.10101010101010088,1.3120649651972158,0.10101010101010102,0.020361990950226245,-0.35678391959798994,0.15268065268065267,-0.898989898989899,,,,,,,3.2159763313609466,0.10101010101010102,0.058150619637750235,-0.21212121212121204,0.031331592689295036,-0.5252525252525252,2.91353811149033,0.10101010101010102,,,1.5723684210526316,0.10101010101010102,0.1956521739130435,-0.1212121212121211,,,,,,
11,,,0.21935483870967742,-0.09090909090909083,1.334106728538283,0.11111111111111112,0.026018099547511313,-0.3467336683417085,0.15384615384615385,-0.8888888888888888,,,,,,,3.41025641025641,0.11111111111111112,0.07054337464251668,-0.202020202020202,0.0391644908616188,-0.5151515151515151,3.2127417519908987,0.11111111111111112,,,1.6546052631578947,0.11111111111111112,0.2391304347826087,-0.11111111111111105,,,,,,
12,,,0.2709677419354839,-0.08080808080808077,1.363109048723898,0.12121212121212122,0.03167420814479638,-0.33668341708542715,0.15734265734265734,-0.8787878787878788,,,,,,,3.5976331360946747,0.12121212121212122,0.08579599618684461,-0.19191919191919182,0.044386422976501305,-0.4747474747474747,,,,,1.743421052631579,0.12121212121212122,0.2826086956521739,-0.10101010101010088,,,,,,
13,,,0.3161290322580645,-0.07070707070707061,1.4037122969837588,0.13131313131313133,0.033936651583710405,-0.3266331658291457,0.16083916083916083,-0.8686868686868687,,,,,,,3.741617357001972,0.13131313131313133,0.09723546234509056,-0.18181818181818177,0.05221932114882506,-0.46464646464646464,,,,,1.799342105263158,0.13131313131313133,0.32608695652173914,-0.09090909090909083,,,,,,
14,,,0.3935483870967742,-0.06060606060606055,1.4408352668213458,0.14141414141414144,0.03619909502262444,-0.31658291457286436,0.16317016317016317,-0.8484848484848485,,,,,,,3.8185404339250493,0.14141414141414144,0.11058150619637751,-0.1717171717171716,0.06005221932114883,-0.4545454545454545,,,,,1.875,0.14141414141414144,0.41304347826086957,-0.08080808080808077,,,,,,
15,,,0.49032258064516127,-0.050505050505050386,1.4849187935034802,0.15151515151515152,0.0418552036199095,-0.3065326633165829,0.1655011655011655,-0.8383838383838383,,,,,,,3.898422090729783,0.15151515151515152,0.12488083889418494,-0.16161616161616155,0.06788511749347259,-0.4444444444444444,,,,,1.980263157894737,0.15151515151515152,0.5108695652173914,-0.07070707070707061,,,,,,
16,,,0.5741935483870968,-0.04040404040404033,1.5406032482598608,0.16161616161616163,0.048642533936651584,-0.29648241206030146,0.17016317016317017,-0.8282828282828283,,,,,,,3.937869822485207,0.16161616161616163,0.14585319351763584,-0.1515151515151515,0.0731070496083551,-0.43434343434343425,,,,,2.0526315789473686,0.16161616161616163,0.5978260869565217,-0.06060606060606055,,,,,,
17,,,0.6516129032258065,-0.030303030303030276,1.5812064965197217,0.17171717171717174,0.05542986425339366,-0.2864321608040201,0.17365967365967366,-0.8181818181818181,,,,,,,3.9447731755424065,0.17171717171717174,0.1601525262154433,-0.14141414141414133,0.0835509138381201,-0.4242424242424242,,,,,,,0.6847826086956522,-0.050505050505050386,,,,,,
18,,,0.7806451612903226,-0.02020202020202011,1.6252900232018561,0.18181818181818182,0.06447963800904978,-0.27638190954773867,0.175990675990676,-0.8080808080808081,,,,,,,,,0.18303145853193517,-0.13131313131313127,0.08877284595300261,-0.41414141414141414,,,,,,,0.7391304347826086,-0.04040404040404033,,,,,,
19,,,0.9032258064516129,-0.010101010101010055,1.6809744779582367,0.19191919191919193,0.07126696832579185,-0.26633165829145733,0.1794871794871795,-0.797979797979798,,,,,,,,,0.21067683508102955,-0.1212121212121211,0.10182767624020887,-0.404040404040404,,,,,,,0.7717391304347826,-0.030303030303030276,,,,,,
20,,,1.0,0.0,1.754060324825986,0.20202020202020204,0.07918552036199095,-0.2562814070351759,0.18298368298368298,-0.7878787878787878,,,,,,,,,0.23927550047664442,-0.11111111111111105,0.10704960835509138,-0.3939393939393939,,,,,,,0.8804347826086957,-0.02020202020202011,,,,,,
21,,,,,1.8004640371229699,0.21212121212121213,0.0916289592760181,-0.24623115577889443,0.1853146853146853,-0.7777777777777778,,,,,,,,,0.2716873212583413,-0.10101010101010088,0.11488250652741515,-0.38383838383838376,,,,,,,0.9456521739130435,-0.010101010101010055,,,,,,
22,,,,,1.877030162412993,0.22222222222222224,0.10067873303167421,-0.2361809045226131,0.19114219114219114,-0.7676767676767676,,,,,,,,,0.30505243088655865,-0.09090909090909083,0.12532637075718014,-0.3737373737373737,,,,,,,1.0,0.0,,,,,,
23,,,,,1.9466357308584687,0.23232323232323235,0.1085972850678733,-0.22613065326633164,0.1958041958041958,-0.7575757575757576,,,,,,,,,0.34509056244041947,-0.08080808080808077,0.13054830287206268,-0.36363636363636354,,,,,,,,,,,,,,
24,,,,,2.0139211136890953,0.24242424242424243,0.1165158371040724,-0.2160804020100502,0.20046620046620048,-0.7474747474747474,,,,,,,,,0.39275500476644426,-0.07070707070707061,0.13315926892950392,-0.3535353535353535,,,,,,,,,,,,,,
25,,,,,2.0881670533642693,0.25252525252525254,0.13574660633484162,-0.20603015075376885,0.20279720279720279,-0.7373737373737373,,,,,,,,,0.4470924690181125,-0.06060606060606055,0.14360313315926893,-0.3434343434343434,,,,,,,,,,,,,,
26,,,,,2.163573085846868,0.26262626262626265,0.15610859728506787,-0.1959798994974874,0.21328671328671328,-0.7272727272727273,,,,,,,,,0.5290753098188751,-0.050505050505050386,0.1514360313315927,-0.33333333333333326,,,,,,,,,,,,,,
27,,,,,2.2482598607888633,0.27272727272727276,0.16855203619909503,-0.18592964824120606,0.21678321678321677,-0.7171717171717171,,,,,,,,,0.5958055290753098,-0.04040404040404033,0.16449086161879894,-0.3232323232323232,,,,,,,,,,,,,,
28,,,,,2.331786542923434,0.2828282828282829,0.19796380090497737,-0.1758793969849246,0.22144522144522144,-0.7070707070707071,,,,,,,,,0.680648236415634,-0.030303030303030276,0.1801566579634465,-0.31313131313131304,,,,,,,,,,,,,,
29,,,,,2.4315545243619487,0.29292929292929293,0.2251131221719457,-0.16582914572864316,0.22494172494172493,-0.696969696969697,,,,,,,,,0.7626310772163966,-0.02020202020202011,0.2010443864229765,-0.303030303030303,,,,,,,,,,,,,,
30,,,,,2.5417633410672855,0.30303030303030304,0.2420814479638009,-0.15577889447236182,0.2331002331002331,-0.6868686868686869,,,,,,,,,0.8798856053384175,-0.010101010101010055,,,,,,,,,,,,,,,,
31,,,,,2.668213457076566,0.31313131313131315,0.2669683257918552,-0.14572864321608037,0.23543123543123542,-0.6767676767676767,,,,,,,,,1.0,0.0,,,,,,,,,,,,,,,,
32,,,,,2.805104408352668,0.32323232323232326,0.29638009049773756,-0.13567839195979903,0.24242424242424243,-0.6666666666666666,,,,,,,,,,,,,,,,,,,,,,,,,,
33,,,,,2.9477958236658934,0.33333333333333337,0.333710407239819,-0.12562814070351758,0.24708624708624707,-0.6565656565656566,,,,,,,,,,,,,,,,,,,,,,,,,,
34,,,,,3.0962877030162415,0.3434343434343435,0.36199095022624433,-0.11557788944723613,0.2517482517482518,-0.6464646464646464,,,,,,,,,,,,,,,,,,,,,,,,,,
35,,,,,3.211136890951276,0.3535353535353536,0.39705882352941174,-0.10552763819095479,0.25990675990675993,-0.6363636363636364,,,,,,,,,,,,,,,,,,,,,,,,,,
36,,,,,3.3422273781902554,0.36363636363636365,0.4309954751131222,-0.09547738693467334,0.26223776223776224,-0.6262626262626263,,,,,,,,,,,,,,,,,,,,,,,,,,
37,,,,,3.4675174013921115,0.37373737373737376,0.4762443438914027,-0.085427135678392,0.2715617715617716,-0.6161616161616161,,,,,,,,,,,,,,,,,,,,,,,,,,
38,,,,,3.5765661252900234,0.38383838383838387,0.5169683257918553,-0.07537688442211055,0.2773892773892774,-0.606060606060606,,,,,,,,,,,,,,,,,,,,,,,,,,
39,,,,,3.6867749419953597,0.393939393939394,0.5610859728506787,-0.0653266331658291,0.28205128205128205,-0.5959595959595959,,,,,,,,,,,,,,,,,,,,,,,,,,
40,,,,,3.7784222737819024,0.4040404040404041,0.6018099547511312,-0.055276381909547756,0.289044289044289,-0.5858585858585859,,,,,,,,,,,,,,,,,,,,,,,,,,
41,,,,,3.8921113689095126,0.4141414141414142,0.667420814479638,-0.045226130653266305,0.29603729603729606,-0.5757575757575757,,,,,,,,,,,,,,,,,,,,,,,,,,
42,,,,,3.95707656612529,0.42424242424242425,0.7330316742081447,-0.035175879396984966,0.3006993006993007,-0.5656565656565656,,,,,,,,,,,,,,,,,,,,,,,,,,
43,,,,,4.013921113689095,0.43434343434343436,0.8042986425339367,-0.025125628140703515,0.3041958041958042,-0.5555555555555556,,,,,,,,,,,,,,,,,,,,,,,,,,
44,,,,,4.0638051044083525,0.4444444444444445,0.8823529411764706,-0.015075376884422065,0.3123543123543124,-0.5454545454545454,,,,,,,,,,,,,,,,,,,,,,,,,,
45,,,,,4.112529002320185,0.4545454545454546,0.9604072398190046,-0.005025125628140725,0.31934731934731936,-0.5353535353535352,,,,,,,,,,,,,,,,,,,,,,,,,,
46,,,,,4.165893271461717,0.4646464646464647,1.0531674208144797,0.005025125628140614,0.3275058275058275,-0.5252525252525252,,,,,,,,,,,,,,,,,,,,,,,,,,
47,,,,,4.209976798143852,0.4747474747474748,1.1527149321266967,0.015075376884422065,0.3321678321678322,-0.5151515151515151,,,,,,,,,,,,,,,,,,,,,,,,,,
48,,,,,4.267981438515081,0.48484848484848486,1.2647058823529411,0.025125628140703515,0.3368298368298368,-0.505050505050505,,,,,,,,,,,,,,,,,,,,,,,,,,
49,,,,,4.31322505800464,0.494949494949495,1.411764705882353,0.035175879396984966,0.34265734265734266,-0.4949494949494949,,,,,,,,,,,,,,,,,,,,,,,,,,
50,,,,,4.352668213457076,0.5050505050505051,1.5690045248868778,0.045226130653266416,0.34965034965034963,-0.48484848484848475,,,,,,,,,,,,,,,,,,,,,,,,,,
51,,,,,4.3944315545243615,0.5151515151515152,1.739819004524887,0.055276381909547645,0.35664335664335667,-0.4747474747474747,,,,,,,,,,,,,,,,,,,,,,,,,,
52,,,,,4.426914153132251,0.5252525252525253,1.9626696832579185,0.0653266331658291,0.36713286713286714,-0.46464646464646464,,,,,,,,,,,,,,,,,,,,,,,,,,
53,,,,,4.460556844547564,0.5353535353535354,2.2002262443438916,0.07537688442211055,0.372960372960373,-0.4545454545454545,,,,,,,,,,,,,,,,,,,,,,,,,,
54,,,,,4.497679814385151,0.5454545454545455,,,0.3811188811188811,-0.4444444444444444,,,,,,,,,,,,,,,,,,,,,,,,,,
55,,,,,4.539443155452436,0.5555555555555556,,,0.3927738927738928,-0.43434343434343425,,,,,,,,,,,,,,,,,,,,,,,,,,
56,,,,,4.552204176334107,0.5656565656565657,,,0.3997668997668998,-0.4242424242424242,,,,,,,,,,,,,,,,,,,,,,,,,,
57,,,,,4.5638051044083525,0.5757575757575758,,,0.40559440559440557,-0.41414141414141414,,,,,,,,,,,,,,,,,,,,,,,,,,
58,,,,,4.5846867749419955,0.5858585858585859,,,0.4160839160839161,-0.404040404040404,,,,,,,,,,,,,,,,,,,,,,,,,,
59,,,,,4.5974477958236655,0.595959595959596,,,0.4219114219114219,-0.3939393939393939,,,,,,,,,,,,,,,,,,,,,,,,,,
60,,,,,4.607888631090487,0.6060606060606061,,,0.43356643356643354,-0.38383838383838376,,,,,,,,,,,,,,,,,,,,,,,,,,
61,,,,,4.6160092807424595,0.6161616161616162,,,0.44638694638694637,-0.3737373737373737,,,,,,,,,,,,,,,,,,,,,,,,,,
62,,,,,4.622969837587007,0.6262626262626263,,,0.4533799533799534,-0.36363636363636354,,,,,,,,,,,,,,,,,,,,,,,,,,
63,,,,,4.6287703016241295,0.6363636363636365,,,0.4603729603729604,-0.3535353535353535,,,,,,,,,,,,,,,,,,,,,,,,,,
64,,,,,4.631090487238979,0.6464646464646465,,,0.4696969696969697,-0.3434343434343434,,,,,,,,,,,,,,,,,,,,,,,,,,
65,,,,,4.633410672853828,0.6565656565656566,,,0.4801864801864802,-0.33333333333333326,,,,,,,,,,,,,,,,,,,,,,,,,,
66,,,,,4.6368909512761025,0.6666666666666667,,,0.48717948717948717,-0.3232323232323232,,,,,,,,,,,,,,,,,,,,,,,,,,
67,,,,,4.639211136890951,0.6767676767676768,,,0.5,-0.31313131313131304,,,,,,,,,,,,,,,,,,,,,,,,,,
68,,,,,4.640371229698376,0.696969696969697,,,0.5104895104895105,-0.303030303030303,,,,,,,,,,,,,,,,,,,,,,,,,,
69,,,,,,,,,0.5209790209790209,-0.2929292929292928,,,,,,,,,,,,,,,,,,,,,,,,,,
70,,,,,,,,,0.534965034965035,-0.28282828282828276,,,,,,,,,,,,,,,,,,,,,,,,,,
71,,,,,,,,,0.548951048951049,-0.2727272727272727,,,,,,,,,,,,,,,,,,,,,,,,,,
72,,,,,,,,,0.5617715617715617,-0.26262626262626254,,,,,,,,,,,,,,,,,,,,,,,,,,
73,,,,,,,,,0.5745920745920746,-0.2525252525252525,,,,,,,,,,,,,,,,,,,,,,,,,,
74,,,,,,,,,0.5874125874125874,-0.24242424242424232,,,,,,,,,,,,,,,,,,,,,,,,,,
75,,,,,,,,,0.6072261072261073,-0.23232323232323226,,,,,,,,,,,,,,,,,,,,,,,,,,
76,,,,,,,,,0.6247086247086248,-0.2222222222222222,,,,,,,,,,,,,,,,,,,,,,,,,,
77,,,,,,,,,0.6375291375291375,-0.21212121212121204,,,,,,,,,,,,,,,,,,,,,,,,,,
78,,,,,,,,,0.6538461538461539,-0.202020202020202,,,,,,,,,,,,,,,,,,,,,,,,,,
79,,,,,,,,,0.6713286713286714,-0.19191919191919182,,,,,,,,,,,,,,,,,,,,,,,,,,
80,,,,,,,,,0.6853146853146853,-0.18181818181818177,,,,,,,,,,,,,,,,,,,,,,,,,,
81,,,,,,,,,0.703962703962704,-0.1717171717171716,,,,,,,,,,,,,,,,,,,,,,,,,,
82,,,,,,,,,0.7191142191142191,-0.16161616161616155,,,,,,,,,,,,,,,,,,,,,,,,,,
83,,,,,,,,,0.7412587412587412,-0.1515151515151515,,,,,,,,,,,,,,,,,,,,,,,,,,
84,,,,,,,,,0.7494172494172494,-0.14141414141414133,,,,,,,,,,,,,,,,,,,,,,,,,,
85,,,,,,,,,0.7668997668997669,-0.13131313131313127,,,,,,,,,,,,,,,,,,,,,,,,,,
86,,,,,,,,,0.7773892773892774,-0.1212121212121211,,,,,,,,,,,,,,,,,,,,,,,,,,
87,,,,,,,,,0.8018648018648019,-0.11111111111111105,,,,,,,,,,,,,,,,,,,,,,,,,,
88,,,,,,,,,0.8228438228438228,-0.10101010101010088,,,,,,,,,,,,,,,,,,,,,,,,,,
89,,,,,,,,,0.831002331002331,-0.09090909090909083,,,,,,,,,,,,,,,,,,,,,,,,,,
90,,,,,,,,,0.844988344988345,-0.08080808080808077,,,,,,,,,,,,,,,,,,,,,,,,,,
91,,,,,,,,,0.8706293706293706,-0.07070707070707061,,,,,,,,,,,,,,,,,,,,,,,,,,
92,,,,,,,,,0.8904428904428905,-0.06060606060606055,,,,,,,,,,,,,,,,,,,,,,,,,,
93,,,,,,,,,0.9102564102564102,-0.050505050505050386,,,,,,,,,,,,,,,,,,,,,,,,,,
94,,,,,,,,,0.9230769230769231,-0.04040404040404033,,,,,,,,,,,,,,,,,,,,,,,,,,
95,,,,,,,,,0.9428904428904429,-0.030303030303030276,,,,,,,,,,,,,,,,,,,,,,,,,,
96,,,,,,,,,0.9638694638694638,-0.02020202020202011,,,,,,,,,,,,,,,,,,,,,,,,,,
97,,,,,,,,,0.9825174825174825,-0.010101010101010055,,,,,,,,,,,,,,,,,,,,,,,,,,
98,,,,,,,,,1.0,0.0,,,,,,,,,,,,,,,,,,,,,,,,,,
